month,incident_zip,response_time_hours
2020-01,10000.0,92.69796296296296
2020-01,10001.0,196.24041907728827
2020-01,10002.0,155.19511560457516
2020-01,10003.0,176.38697872434537
2020-01,10004.0,60.83554882737409
2020-01,10005.0,63.470904605263165
2020-01,10006.0,131.28956304619226
2020-01,10007.0,116.14210822510823
2020-01,10009.0,140.41539651837522
2020-01,10010.0,278.13703101030023
2020-01,10011.0,185.7942157035471
2020-01,10012.0,175.50785760428204
2020-01,10013.0,130.9326790471713
2020-01,10014.0,179.5845283018868
2020-01,10016.0,126.88223256635382
2020-01,10017.0,304.5514890350877
2020-01,10018.0,187.89805476641413
2020-01,10019.0,147.2900380038004
2020-01,10020.0,498.50425925925924
2020-01,10021.0,150.93691160372194
2020-01,10022.0,177.4248823582036
2020-01,10023.0,146.8310823092678
2020-01,10024.0,134.13219739455542
2020-01,10025.0,133.1974918688467
2020-01,10026.0,140.80777178257395
2020-01,10027.0,130.1672537878788
2020-01,10028.0,130.76005308183878
2020-01,10029.0,106.31163852498787
2020-01,10030.0,131.91671855493132
2020-01,10031.0,96.06435391951618
2020-01,10032.0,134.0163530027933
2020-01,10033.0,133.52127082292188
2020-01,10034.0,135.25141297366733
2020-01,10035.0,122.57835590756045
2020-01,10036.0,228.1529424157303
2020-01,10037.0,107.54971558872305
2020-01,10038.0,80.58697860481841
2020-01,10039.0,128.1231005892256
2020-01,10040.0,119.21175916350684
2020-01,10041.0,251.56965277777778
2020-01,10044.0,99.84869883040936
2020-01,10045.0,35.85861111111111
2020-01,10065.0,181.71607739665788
2020-01,10069.0,121.90222222222222
2020-01,10075.0,153.98618992695117
2020-01,10103.0,38.09034722222222
2020-01,10105.0,103.34796296296297
2020-01,10110.0,12.721666666666666
2020-01,10118.0,437.9333796296296
2020-01,10119.0,448.7636111111111
2020-01,10120.0,635.3035416666667
2020-01,10121.0,443.18600574712644
2020-01,10123.0,6.735722222222222
2020-01,10128.0,166.36153787878789
2020-01,10151.0,2.854722222222222
2020-01,10152.0,16.92888888888889
2020-01,10154.0,3.1352777777777776
2020-01,10155.0,4.200555555555556
2020-01,10162.0,14.369305555555556
2020-01,10165.0,357.9757638888889
2020-01,10166.0,0.44055555555555553
2020-01,10168.0,799.7796666666666
2020-01,10169.0,7.814783950617285
2020-01,10170.0,85.35
2020-01,10171.0,127.29777777777778
2020-01,10172.0,16.50138888888889
2020-01,10173.0,47.89472222222222
2020-01,10177.0,654.2323611111111
2020-01,10178.0,108.91324074074073
2020-01,10271.0,1996.1293055555557
2020-01,10278.0,307.92284722222223
2020-01,10279.0,23.529884259259262
2020-01,10280.0,177.6625664251208
2020-01,10281.0,328.97020833333335
2020-01,10282.0,37.062092013888886
2020-01,10301.0,124.53797357132973
2020-01,10302.0,183.11683274021354
2020-01,10303.0,120.12356097961867
2020-01,10304.0,126.28501464128843
2020-01,10305.0,107.7617093639576
2020-01,10306.0,103.84597975583371
2020-01,10307.0,157.92224666666667
2020-01,10308.0,120.51071910695742
2020-01,10309.0,121.88338762386675
2020-01,10310.0,108.77370065120066
2020-01,10312.0,108.50485553004211
2020-01,10314.0,100.64833309073265
2020-01,10451.0,158.97118848653668
2020-01,10452.0,186.8384341551988
2020-01,10453.0,211.33940049751246
2020-01,10454.0,171.23428090766822
2020-01,10455.0,139.82879278728606
2020-01,10456.0,169.98040313028764
2020-01,10457.0,151.5365578713755
2020-01,10458.0,198.25076544272326
2020-01,10459.0,201.44503980266845
2020-01,10460.0,173.56244185597282
2020-01,10461.0,148.21784691719537
2020-01,10462.0,139.99461834094367
2020-01,10463.0,154.26526894669234
2020-01,10464.0,155.9540972222222
2020-01,10465.0,121.27832842931203
2020-01,10466.0,148.35020609318997
2020-01,10467.0,254.35452351313967
2020-01,10468.0,200.1753058741745
2020-01,10469.0,158.99251011446617
2020-01,10470.0,162.1229556898288
2020-01,10471.0,72.61824558461882
2020-01,10472.0,132.30296261170122
2020-01,10473.0,123.72492902850495
2020-01,10474.0,250.5403156199678
2020-01,10475.0,88.29427879714576
2020-01,11001.0,151.1163621794872
2020-01,11004.0,378.5880906148867
2020-01,11005.0,25.450648148148147
2020-01,11040.0,345.4349154589372
2020-01,11101.0,130.70061774153695
2020-01,11102.0,136.6715639897323
2020-01,11103.0,121.83991916354556
2020-01,11104.0,162.00720579174367
2020-01,11105.0,185.88234645669291
2020-01,11106.0,145.16403370596205
2020-01,11109.0,127.56658950617283
2020-01,11201.0,113.31828385228094
2020-01,11203.0,149.8494816272966
2020-01,11204.0,133.69903855162076
2020-01,11205.0,131.0761975308642
2020-01,11206.0,151.2434257322176
2020-01,11207.0,150.97827284439416
2020-01,11208.0,170.22730409356726
2020-01,11209.0,94.48385920528908
2020-01,11210.0,151.71619341563786
2020-01,11211.0,159.77609709480123
2020-01,11212.0,118.31199125443057
2020-01,11213.0,122.69826310610127
2020-01,11214.0,97.45126554292173
2020-01,11215.0,157.8779819488258
2020-01,11216.0,123.28857175171913
2020-01,11217.0,165.67564824350612
2020-01,11218.0,151.11247443622753
2020-01,11219.0,136.21438257101084
2020-01,11220.0,130.84142161616163
2020-01,11221.0,131.23327155172413
2020-01,11222.0,164.53821812736828
2020-01,11223.0,162.5934818644346
2020-01,11224.0,109.77485648148148
2020-01,11225.0,99.63599147121535
2020-01,11226.0,115.66098676412486
2020-01,11228.0,105.85788215236194
2020-01,11229.0,148.14685742070617
2020-01,11230.0,128.84700523135868
2020-01,11231.0,150.74651997976733
2020-01,11232.0,111.621716872428
2020-01,11233.0,129.99518320156423
2020-01,11234.0,289.90596341280553
2020-01,11235.0,149.44807911506012
2020-01,11236.0,124.12542213297635
2020-01,11237.0,169.88000512677107
2020-01,11238.0,146.09983122652744
2020-01,11239.0,116.09203142536477
2020-01,11242.0,21.766666666666666
2020-01,11249.0,153.2881222018722
2020-01,11354.0,173.09896408460375
2020-01,11355.0,183.97923324601615
2020-01,11356.0,88.7354377921611
2020-01,11357.0,191.9440646853147
2020-01,11358.0,173.39334803325224
2020-01,11359.0,0.029583333333333336
2020-01,11360.0,246.84378033205618
2020-01,11361.0,208.88934901158828
2020-01,11362.0,232.62699735449735
2020-01,11363.0,139.4327494855967
2020-01,11364.0,221.25822406529753
2020-01,11365.0,180.05775405298536
2020-01,11366.0,147.2808698689018
2020-01,11367.0,203.0656868379536
2020-01,11368.0,149.08120265151516
2020-01,11369.0,165.5408111916264
2020-01,11370.0,127.69738304093566
2020-01,11371.0,61.614
2020-01,11372.0,125.710353200883
2020-01,11373.0,132.9479255531592
2020-01,11374.0,187.2222234660033
2020-01,11375.0,183.35403442096157
2020-01,11377.0,124.78957403533241
2020-01,11378.0,114.07052875243664
2020-01,11379.0,143.22443915343916
2020-01,11385.0,122.1001948878094
2020-01,11411.0,102.25136284722221
2020-01,11412.0,153.83879464285715
2020-01,11413.0,197.3929600558172
2020-01,11414.0,145.52347982310667
2020-01,11415.0,104.27253929539296
2020-01,11416.0,141.5865574337683
2020-01,11417.0,145.57698172198172
2020-01,11418.0,189.40323529411765
2020-01,11419.0,140.7442819927409
2020-01,11420.0,177.14618452380955
2020-01,11421.0,97.47685827250608
2020-01,11422.0,168.77807758892035
2020-01,11423.0,163.61113298859718
2020-01,11426.0,209.73793707214324
2020-01,11427.0,144.04582421227198
2020-01,11428.0,209.69496216646755
2020-01,11429.0,187.3075607638889
2020-01,11430.0,695.3250100401606
2020-01,11432.0,127.8334985302763
2020-01,11433.0,152.39236418776372
2020-01,11434.0,182.95268931778583
2020-01,11435.0,138.0048592171717
2020-01,11436.0,134.8270598845599
2020-01,11691.0,180.75515971402336
2020-01,11692.0,107.23641423743135
2020-01,11693.0,103.45719951083159
2020-01,11694.0,170.76165489642185
2020-01,11695.0,-8.446203703703704
2020-01,11697.0,390.09488888888893
2020-01,12345.0,2.2509259259259258
2020-02,10000.0,79.40663194444446
2020-02,10001.0,258.59770712909443
2020-02,10002.0,156.9475568792918
2020-02,10003.0,188.39110620611316
2020-02,10004.0,116.80856550580431
2020-02,10005.0,87.25359241452992
2020-02,10006.0,112.74118253968254
2020-02,10007.0,136.49234986627766
2020-02,10009.0,124.44796531854752
2020-02,10010.0,198.118898957593
2020-02,10011.0,204.50648999999999
2020-02,10012.0,171.04258469945356
2020-02,10013.0,121.89476376300772
2020-02,10014.0,130.71114876171353
2020-02,10016.0,190.73201755651755
2020-02,10017.0,310.83653708668453
2020-02,10018.0,313.7573168789809
2020-02,10019.0,173.7505018536692
2020-02,10020.0,145.6326
2020-02,10021.0,165.2163507625272
2020-02,10022.0,230.23982771970577
2020-02,10023.0,137.32283317836666
2020-02,10024.0,160.48564969931272
2020-02,10025.0,182.94794780112863
2020-02,10026.0,114.63610387522108
2020-02,10027.0,126.74357121879589
2020-02,10028.0,132.71806539351851
2020-02,10029.0,137.2996987982483
2020-02,10030.0,90.97579535054
2020-02,10031.0,102.31094095288606
2020-02,10032.0,185.6503151997263
2020-02,10033.0,146.92023120138288
2020-02,10034.0,113.89488864942528
2020-02,10035.0,160.95713806035235
2020-02,10036.0,238.84503022452503
2020-02,10037.0,175.40857592592593
2020-02,10038.0,76.7656045751634
2020-02,10039.0,144.33776008797093
2020-02,10040.0,106.04499049100968
2020-02,10041.0,0.0
2020-02,10044.0,25.02361111111111
2020-02,10045.0,144.76000000000002
2020-02,10055.0,166.79861111111111
2020-02,10065.0,202.3405875509017
2020-02,10069.0,93.36195555555555
2020-02,10075.0,127.19401180797522
2020-02,10103.0,249.18166666666667
2020-02,10106.0,1.3
2020-02,10110.0,474.4212037037037
2020-02,10111.0,1413.3508333333334
2020-02,10112.0,408.2559722222222
2020-02,10118.0,40.20291666666667
2020-02,10119.0,20.524675925925926
2020-02,10120.0,10.325000000000001
2020-02,10121.0,446.75281362007166
2020-02,10122.0,1151.6479166666666
2020-02,10123.0,3.009097222222222
2020-02,10128.0,215.44654250404253
2020-02,10152.0,22.036527777777778
2020-02,10155.0,1520.8005555555555
2020-02,10158.0,1570.8972222222221
2020-02,10165.0,4.387083333333333
2020-02,10168.0,332.63048611111117
2020-02,10169.0,2.4086805555555553
2020-02,10170.0,2.7672222222222222
2020-02,10172.0,56.634027777777774
2020-02,10176.0,196.56666666666666
2020-02,10179.0,698.220324074074
2020-02,10271.0,0.4211111111111111
2020-02,10278.0,4.19212962962963
2020-02,10279.0,195.4775
2020-02,10280.0,76.00866898148148
2020-02,10281.0,449.1543981481482
2020-02,10282.0,138.86186274509805
2020-02,10301.0,130.7652217553688
2020-02,10302.0,162.26113267770876
2020-02,10303.0,124.89433436761229
2020-02,10304.0,136.8347399150743
2020-02,10305.0,86.37291347715147
2020-02,10306.0,109.82835529872939
2020-02,10307.0,138.11995652173914
2020-02,10308.0,102.1822823509485
2020-02,10309.0,132.42906167506598
2020-02,10310.0,97.58751873385013
2020-02,10312.0,139.82380816086894
2020-02,10314.0,144.46148148148148
2020-02,10451.0,164.87328086743616
2020-02,10452.0,182.6137641805455
2020-02,10453.0,146.2804014459665
2020-02,10454.0,139.5249095310907
2020-02,10455.0,148.49595481164926
2020-02,10456.0,171.1238898044386
2020-02,10457.0,123.92985853193025
2020-02,10458.0,151.69921897659
2020-02,10459.0,212.3561790780142
2020-02,10460.0,153.36791575292398
2020-02,10461.0,151.21824354657687
2020-02,10462.0,128.90655225288984
2020-02,10463.0,112.68392172739541
2020-02,10464.0,185.98639756944442
2020-02,10465.0,124.19682151483782
2020-02,10466.0,159.30776671183378
2020-02,10467.0,175.23880019251925
2020-02,10468.0,145.4492970795569
2020-02,10469.0,157.9021975119291
2020-02,10470.0,174.11991804467655
2020-02,10471.0,90.31983796296296
2020-02,10472.0,134.07500208159868
2020-02,10473.0,96.38849151234568
2020-02,10474.0,170.32585599194363
2020-02,10475.0,174.88184969853575
2020-02,11001.0,256.54246376811597
2020-02,11004.0,520.6879736467237
2020-02,11040.0,346.16330158730153
2020-02,11101.0,126.1292522609819
2020-02,11102.0,91.48591080876795
2020-02,11103.0,91.85525777162202
2020-02,11104.0,149.41274582889596
2020-02,11105.0,128.97066279289493
2020-02,11106.0,113.5992270738204
2020-02,11109.0,69.73763071895425
2020-02,11201.0,166.84607290803643
2020-02,11203.0,176.05401036970244
2020-02,11204.0,162.20199906505266
2020-02,11205.0,116.44614589457183
2020-02,11206.0,138.65899762503494
2020-02,11207.0,157.70588799643016
2020-02,11208.0,169.7421065334998
2020-02,11209.0,78.79818093093093
2020-02,11210.0,165.36974952155805
2020-02,11211.0,121.79378958333335
2020-02,11212.0,168.9193711320575
2020-02,11213.0,129.5161456483126
2020-02,11214.0,93.86917643229167
2020-02,11215.0,165.8354625973456
2020-02,11216.0,114.70048345476624
2020-02,11217.0,184.03165140415138
2020-02,11218.0,159.0582183908046
2020-02,11219.0,162.19747454499174
2020-02,11220.0,119.61357164821648
2020-02,11221.0,114.6047943449648
2020-02,11222.0,189.65837750036502
2020-02,11223.0,118.70942364465914
2020-02,11224.0,158.35194523135033
2020-02,11225.0,129.6504176674673
2020-02,11226.0,124.94203725216852
2020-02,11228.0,145.26433285024154
2020-02,11229.0,157.8320261747083
2020-02,11230.0,137.33783135509395
2020-02,11231.0,154.14974125514405
2020-02,11232.0,96.24256772486773
2020-02,11233.0,142.63844292237442
2020-02,11234.0,218.30255821448714
2020-02,11235.0,167.19754643616426
2020-02,11236.0,181.30364872998675
2020-02,11237.0,212.69618747118488
2020-02,11238.0,110.4109264944146
2020-02,11239.0,100.24267447199266
2020-02,11241.0,69.5425
2020-02,11242.0,24.95
2020-02,11249.0,170.39491543209874
2020-02,11251.0,1114.4695833333333
2020-02,11354.0,181.82290438919583
2020-02,11355.0,177.57986619628784
2020-02,11356.0,145.78527561776397
2020-02,11357.0,206.52527111521115
2020-02,11358.0,184.80247097097097
2020-02,11359.0,3622.8547222222223
2020-02,11360.0,185.25818438003222
2020-02,11361.0,194.10290015015013
2020-02,11362.0,231.53147823261858
2020-02,11363.0,338.686286687631
2020-02,11364.0,166.04242839156439
2020-02,11365.0,100.00267671747294
2020-02,11366.0,69.97407151095733
2020-02,11367.0,180.11347679324894
2020-02,11368.0,151.40693195179307
2020-02,11369.0,217.11688224752268
2020-02,11370.0,167.80866771159876
2020-02,11371.0,12.16986111111111
2020-02,11372.0,128.09761071710008
2020-02,11373.0,113.40296431294071
2020-02,11374.0,160.69254240882103
2020-02,11375.0,136.0462956555171
2020-02,11377.0,132.35411523553967
2020-02,11378.0,132.60496897163122
2020-02,11379.0,187.79930626296925
2020-02,11385.0,105.12718034152437
2020-02,11411.0,225.17486972437553
2020-02,11412.0,165.8483154296875
2020-02,11413.0,188.9666341066341
2020-02,11414.0,230.17596188421433
2020-02,11415.0,135.96347222222224
2020-02,11416.0,136.42169075579645
2020-02,11417.0,183.11287462581438
2020-02,11418.0,154.51148835716904
2020-02,11419.0,150.77596264367816
2020-02,11420.0,229.60950243794326
2020-02,11421.0,157.47165999686126
2020-02,11422.0,159.41978051001823
2020-02,11423.0,194.19513749302067
2020-02,11426.0,225.30582446808512
2020-02,11427.0,264.82434995446266
2020-02,11428.0,172.39354895991883
2020-02,11429.0,188.08847268986156
2020-02,11430.0,894.0300393201421
2020-02,11432.0,193.9590847273222
2020-02,11433.0,152.85643633683435
2020-02,11434.0,194.37609577806305
2020-02,11435.0,147.11744847119846
2020-02,11436.0,175.19697717354816
2020-02,11691.0,143.22124173966498
2020-02,11692.0,137.1727612761276
2020-02,11693.0,237.01828137490008
2020-02,11694.0,198.3264861111111
2020-02,11697.0,0.5083333333333333
2020-02,12345.0,18.609055555555557
2020-03,10000.0,6.736527777777779
2020-03,10001.0,141.61138362794614
2020-03,10002.0,148.60660340600649
2020-03,10003.0,205.00697983184332
2020-03,10004.0,173.81582358674464
2020-03,10005.0,214.37593971631205
2020-03,10006.0,262.87890301318265
2020-03,10007.0,98.62288056779246
2020-03,10009.0,189.79352084972462
2020-03,10010.0,94.44451668530947
2020-03,10011.0,180.68247991557735
2020-03,10012.0,241.1930424903431
2020-03,10013.0,166.60180235535074
2020-03,10014.0,283.5113163452709
2020-03,10016.0,144.53628070175438
2020-03,10017.0,288.85150041305246
2020-03,10018.0,270.81289824771005
2020-03,10019.0,179.07360494841598
2020-03,10020.0,202.4851495726496
2020-03,10021.0,278.16983091787444
2020-03,10022.0,180.42007164669954
2020-03,10023.0,168.62155458742924
2020-03,10024.0,201.70810329218105
2020-03,10025.0,213.81592446283756
2020-03,10026.0,186.15028546220398
2020-03,10027.0,222.2244550855724
2020-03,10028.0,178.4673706577975
2020-03,10029.0,161.7538333786478
2020-03,10030.0,361.33745535714286
2020-03,10031.0,259.13915278703087
2020-03,10032.0,207.3367871315193
2020-03,10033.0,247.10155116395313
2020-03,10034.0,245.41006757369615
2020-03,10035.0,249.88126182408584
2020-03,10036.0,220.46924440483264
2020-03,10037.0,265.6118485380117
2020-03,10038.0,100.59359021035598
2020-03,10039.0,204.78068217790442
2020-03,10040.0,190.03694160775072
2020-03,10041.0,24.711388888888887
2020-03,10044.0,356.1059188034188
2020-03,10065.0,179.62758888888888
2020-03,10069.0,162.19824074074074
2020-03,10075.0,353.8232791977281
2020-03,10103.0,0.35944444444444446
2020-03,10105.0,573.2024305555556
2020-03,10106.0,60.31666666666666
2020-03,10107.0,18.682954545454546
2020-03,10111.0,1.2661111111111112
2020-03,10115.0,171.98694444444445
2020-03,10118.0,30.24361111111111
2020-03,10119.0,22.578125000000004
2020-03,10120.0,78.9462962962963
2020-03,10121.0,566.1737847222222
2020-03,10122.0,89.16388888888889
2020-03,10128.0,206.35517916422575
2020-03,10152.0,1198.1
2020-03,10154.0,593.5290277777779
2020-03,10155.0,35.92625
2020-03,10158.0,24.0
2020-03,10162.0,10.61088888888889
2020-03,10168.0,360.5561666666666
2020-03,10169.0,17.746219512195122
2020-03,10171.0,23.333333333333332
2020-03,10172.0,25.975925925925925
2020-03,10174.0,411.5179166666667
2020-03,10176.0,91.41064814814814
2020-03,10177.0,52.863055555555555
2020-03,10178.0,2243.2805555555556
2020-03,10271.0,751.6545833333333
2020-03,10278.0,15.392777777777777
2020-03,10280.0,197.94969246031746
2020-03,10281.0,646.3384722222222
2020-03,10282.0,84.44439814814815
2020-03,10301.0,175.9625807748538
2020-03,10302.0,356.01442769897557
2020-03,10303.0,172.86533242258653
2020-03,10304.0,242.77238915814036
2020-03,10305.0,114.56556237599206
2020-03,10306.0,137.76146970380395
2020-03,10307.0,127.67976273148149
2020-03,10308.0,145.30410263653482
2020-03,10309.0,170.47900745257454
2020-03,10310.0,170.23200452360757
2020-03,10312.0,186.80283292483662
2020-03,10314.0,140.37030142870933
2020-03,10451.0,357.3560312530809
2020-03,10452.0,378.42241928939893
2020-03,10453.0,271.39759611264157
2020-03,10454.0,208.40561615070794
2020-03,10455.0,162.67310892336252
2020-03,10456.0,237.18438056125942
2020-03,10457.0,229.47656018908543
2020-03,10458.0,226.74695069718
2020-03,10459.0,313.10582168375277
2020-03,10460.0,288.16215
2020-03,10461.0,195.281524615684
2020-03,10462.0,174.99409695759994
2020-03,10463.0,128.9897373852245
2020-03,10464.0,74.2953443287037
2020-03,10465.0,74.89128313418486
2020-03,10466.0,243.28051617263236
2020-03,10467.0,294.56034461768974
2020-03,10468.0,212.9791682316119
2020-03,10469.0,160.0148120210728
2020-03,10470.0,277.00475783475787
2020-03,10471.0,114.29480242053077
2020-03,10472.0,257.95012996031744
2020-03,10473.0,138.0202939205653
2020-03,10474.0,272.4864692982456
2020-03,10475.0,175.50177213868002
2020-03,11001.0,35.89724160206719
2020-03,11004.0,92.68269314236112
2020-03,11005.0,9.550555555555556
2020-03,11040.0,101.16803571428571
2020-03,11101.0,152.4675583776007
2020-03,11102.0,157.08280961102392
2020-03,11103.0,118.3066301369863
2020-03,11104.0,124.63996134020618
2020-03,11105.0,162.79513828061638
2020-03,11106.0,169.58205140961857
2020-03,11109.0,254.44951388888884
2020-03,11201.0,136.29091381100727
2020-03,11203.0,183.28439018195252
2020-03,11204.0,121.41017654320989
2020-03,11205.0,169.1770269862807
2020-03,11206.0,191.7842991001565
2020-03,11207.0,219.78285172186224
2020-03,11208.0,197.39230393241846
2020-03,11209.0,163.35093627219865
2020-03,11210.0,229.00425044533512
2020-03,11211.0,209.58859958151848
2020-03,11212.0,192.8218019726859
2020-03,11213.0,219.21307474020784
2020-03,11214.0,149.89991867124857
2020-03,11215.0,130.0245832062621
2020-03,11216.0,210.32739166442832
2020-03,11217.0,163.33910982658958
2020-03,11218.0,153.70377927797134
2020-03,11219.0,159.63497450203982
2020-03,11220.0,132.86404697900664
2020-03,11221.0,145.99269754584682
2020-03,11222.0,191.66242035742036
2020-03,11223.0,177.49555056980057
2020-03,11224.0,118.75039099232863
2020-03,11225.0,197.03156055957336
2020-03,11226.0,194.66548870619496
2020-03,11228.0,146.9754465849387
2020-03,11229.0,151.51211961115806
2020-03,11230.0,169.96873560535326
2020-03,11231.0,146.7958847558631
2020-03,11232.0,138.76530470775984
2020-03,11233.0,239.7191527461402
2020-03,11234.0,196.19568231922398
2020-03,11235.0,149.31298481711525
2020-03,11236.0,170.34704604604605
2020-03,11237.0,213.30702037513092
2020-03,11238.0,157.97024723300274
2020-03,11239.0,135.67121922821025
2020-03,11241.0,11.950173611111111
2020-03,11242.0,2275.8258333333333
2020-03,11249.0,120.26460138387486
2020-03,11251.0,1.0716666666666668
2020-03,11354.0,178.49008215389622
2020-03,11355.0,213.45627211403843
2020-03,11356.0,108.80683557800224
2020-03,11357.0,241.5662526106934
2020-03,11358.0,228.3822211558968
2020-03,11360.0,273.8883490143369
2020-03,11361.0,207.97849087893863
2020-03,11362.0,201.61090909090908
2020-03,11363.0,578.1181992337165
2020-03,11364.0,222.0778298030472
2020-03,11365.0,184.61069917440662
2020-03,11366.0,86.25418396932285
2020-03,11367.0,163.849859948861
2020-03,11368.0,189.21265615127717
2020-03,11369.0,214.819695970696
2020-03,11370.0,232.99928252372976
2020-03,11371.0,0.043333333333333335
2020-03,11372.0,113.1789494680851
2020-03,11373.0,172.65378649635036
2020-03,11374.0,159.8954955059662
2020-03,11375.0,153.759876401631
2020-03,11377.0,156.73137643248631
2020-03,11378.0,110.78631989363232
2020-03,11379.0,150.52689499709132
2020-03,11385.0,122.47097943315777
2020-03,11411.0,130.8020002104377
2020-03,11412.0,262.2104526748971
2020-03,11413.0,127.0710552133242
2020-03,11414.0,122.01627307274701
2020-03,11415.0,170.5185308285164
2020-03,11416.0,104.34149611111111
2020-03,11417.0,203.19861006486713
2020-03,11418.0,160.3060029021559
2020-03,11419.0,122.34021523869085
2020-03,11420.0,216.0912505201831
2020-03,11421.0,138.74436521795369
2020-03,11422.0,159.9833324458644
2020-03,11423.0,220.42787946428572
2020-03,11426.0,231.845734508547
2020-03,11427.0,153.42347163120567
2020-03,11428.0,218.79533005330052
2020-03,11429.0,119.71726495726496
2020-03,11430.0,638.5603258547009
2020-03,11432.0,181.31123156924698
2020-03,11433.0,193.39558222550468
2020-03,11434.0,187.60849309664695
2020-03,11435.0,173.5044410774411
2020-03,11436.0,227.1162138728324
2020-03,11691.0,319.7923571143085
2020-03,11692.0,213.28818192656175
2020-03,11693.0,267.65946268237934
2020-03,11694.0,186.1052354048964
2020-03,11695.0,-72.0
2020-03,11697.0,16.24361111111111
2020-03,12345.0,5.338888888888889
2020-04,83.0,1.1994444444444445
2020-04,10000.0,0.8078073286052009
2020-04,10001.0,58.22143111518111
2020-04,10002.0,90.46776196544889
2020-04,10003.0,82.0589699074074
2020-04,10004.0,142.40015624999998
2020-04,10005.0,35.7907283197832
2020-04,10006.0,57.074050387596905
2020-04,10007.0,94.9015101010101
2020-04,10009.0,54.20878117913832
2020-04,10010.0,61.84257020091987
2020-04,10011.0,86.35428497139885
2020-04,10012.0,64.97537983425414
2020-04,10013.0,88.50219067215363
2020-04,10014.0,83.83153629629629
2020-04,10016.0,85.91612460638777
2020-04,10017.0,68.4125424701561
2020-04,10018.0,54.303346624136104
2020-04,10019.0,69.76598515519568
2020-04,10020.0,0.25125000000000003
2020-04,10021.0,122.94068121693121
2020-04,10022.0,139.84142962962963
2020-04,10023.0,87.57291182733256
2020-04,10024.0,122.93778224365845
2020-04,10025.0,130.9303932409628
2020-04,10026.0,109.77198443223443
2020-04,10027.0,115.30810528776672
2020-04,10028.0,64.11496929327286
2020-04,10029.0,127.38508748741188
2020-04,10030.0,124.4740873015873
2020-04,10031.0,157.50472686013381
2020-04,10032.0,152.4236463276836
2020-04,10033.0,196.10426068722944
2020-04,10034.0,101.3989809299247
2020-04,10035.0,183.16669421755478
2020-04,10036.0,96.55288063691306
2020-04,10037.0,64.94677397446345
2020-04,10038.0,69.74613278741168
2020-04,10039.0,145.85037413429689
2020-04,10040.0,121.42326219226808
2020-04,10041.0,0.055
2020-04,10044.0,105.2958111111111
2020-04,10045.0,0.15694444444444444
2020-04,10065.0,56.990033444816056
2020-04,10069.0,176.33378600823048
2020-04,10075.0,288.2429024342363
2020-04,10105.0,0.12472222222222222
2020-04,10106.0,0.6466666666666666
2020-04,10111.0,10.039814814814815
2020-04,10112.0,43.39333333333334
2020-04,10119.0,0.8402777777777778
2020-04,10120.0,3.267638888888889
2020-04,10121.0,10.692256944444443
2020-04,10122.0,0.0
2020-04,10123.0,0.05333333333333334
2020-04,10128.0,68.54115287490288
2020-04,10155.0,1.2891666666666666
2020-04,10162.0,0.44125000000000003
2020-04,10165.0,0.5296296296296297
2020-04,10168.0,1.0964444444444443
2020-04,10169.0,4.339888888888889
2020-04,10170.0,0.1688888888888889
2020-04,10173.0,0.44
2020-04,10174.0,4.883611111111111
2020-04,10278.0,14.615324074074076
2020-04,10279.0,0.21375
2020-04,10280.0,18.258183183183185
2020-04,10281.0,533.8083333333334
2020-04,10282.0,46.50503472222223
2020-04,10301.0,83.5362986421593
2020-04,10302.0,107.4400293998378
2020-04,10303.0,140.34518696581196
2020-04,10304.0,205.24269893483708
2020-04,10305.0,122.9272592089372
2020-04,10306.0,74.10366656937148
2020-04,10307.0,89.84339611872146
2020-04,10308.0,57.0227380952381
2020-04,10309.0,88.175987131199
2020-04,10310.0,187.68826801801802
2020-04,10312.0,83.10246752738655
2020-04,10314.0,93.91679352068697
2020-04,10451.0,119.52618837380427
2020-04,10452.0,126.79842960388392
2020-04,10453.0,174.29927541131394
2020-04,10454.0,122.63237908056304
2020-04,10455.0,115.318227528826
2020-04,10456.0,152.38903081232493
2020-04,10457.0,144.38428050545537
2020-04,10458.0,158.05490334265835
2020-04,10459.0,186.86972516875602
2020-04,10460.0,157.8487352092352
2020-04,10461.0,129.80174669558033
2020-04,10462.0,106.3177430783841
2020-04,10463.0,89.71654429046114
2020-04,10464.0,62.978166016894086
2020-04,10465.0,72.17793035426732
2020-04,10466.0,42.66786378239838
2020-04,10467.0,143.7948414025588
2020-04,10468.0,113.41396703036052
2020-04,10469.0,165.54138049350271
2020-04,10470.0,109.3914576388889
2020-04,10471.0,70.70840277777778
2020-04,10472.0,174.2265187779724
2020-04,10473.0,74.13431331747918
2020-04,10474.0,149.07425392251042
2020-04,10475.0,112.09307692307692
2020-04,11001.0,26.302866666666663
2020-04,11004.0,78.19948717948718
2020-04,11005.0,7.938611111111111
2020-04,11040.0,144.5111031746032
2020-04,11101.0,51.33036675347222
2020-04,11102.0,78.71260032178687
2020-04,11103.0,93.94762212212213
2020-04,11104.0,69.44877366255145
2020-04,11105.0,60.2678125511373
2020-04,11106.0,109.10502707749765
2020-04,11109.0,-1.712222222222222
2020-04,11201.0,71.41480233602876
2020-04,11203.0,146.26025850677237
2020-04,11204.0,70.55974846661948
2020-04,11205.0,150.06060030686612
2020-04,11206.0,103.65558798017348
2020-04,11207.0,144.68546243786318
2020-04,11208.0,176.26952905764125
2020-04,11209.0,54.39210928232503
2020-04,11210.0,122.50253794778385
2020-04,11211.0,84.31070959823666
2020-04,11212.0,176.41607990986304
2020-04,11213.0,143.05085642258035
2020-04,11214.0,92.09677360840372
2020-04,11215.0,118.02246864349011
2020-04,11216.0,128.79416090052146
2020-04,11217.0,90.36050103470232
2020-04,11218.0,81.77741439733425
2020-04,11219.0,93.3947445545766
2020-04,11220.0,93.0435189755402
2020-04,11221.0,132.6694511989193
2020-04,11222.0,86.79272647495611
2020-04,11223.0,107.91274786324787
2020-04,11224.0,120.99847652885444
2020-04,11225.0,165.01260498687665
2020-04,11226.0,167.29616059379217
2020-04,11228.0,101.28193698016635
2020-04,11229.0,137.81347552255224
2020-04,11230.0,133.581733965673
2020-04,11231.0,134.9759378185525
2020-04,11232.0,121.88081137461573
2020-04,11233.0,180.1594779353822
2020-04,11234.0,77.03029452819653
2020-04,11235.0,153.638841469986
2020-04,11236.0,158.6124630801688
2020-04,11237.0,95.49106961178046
2020-04,11238.0,121.54367073730077
2020-04,11239.0,123.64297032828281
2020-04,11241.0,1.2361111111111112
2020-04,11249.0,98.84445252385349
2020-04,11251.0,1.27125
2020-04,11354.0,164.74588065493091
2020-04,11355.0,184.4425914514867
2020-04,11356.0,100.71935590700188
2020-04,11357.0,160.75579752829753
2020-04,11358.0,146.63228860531063
2020-04,11359.0,1.4238071895424838
2020-04,11360.0,301.36404223624254
2020-04,11361.0,132.4008865248227
2020-04,11362.0,88.93364583333333
2020-04,11363.0,83.66998995983936
2020-04,11364.0,132.35770077972708
2020-04,11365.0,95.86054862444018
2020-04,11366.0,29.70645132517839
2020-04,11367.0,133.7901824698599
2020-04,11368.0,57.26014473391227
2020-04,11369.0,193.8549617165242
2020-04,11370.0,39.915692074326884
2020-04,11371.0,171.44500000000002
2020-04,11372.0,113.8920478927203
2020-04,11373.0,131.81152274934112
2020-04,11374.0,84.67899576719576
2020-04,11375.0,131.79991087962964
2020-04,11377.0,93.1914762768208
2020-04,11378.0,116.34130208333333
2020-04,11379.0,87.33101103412882
2020-04,11385.0,93.40404875613837
2020-04,11411.0,51.261167227833894
2020-04,11412.0,151.51297327898553
2020-04,11413.0,94.55036521200867
2020-04,11414.0,91.20863159619796
2020-04,11415.0,113.2510311603116
2020-04,11416.0,109.83985939643347
2020-04,11417.0,154.8481295200526
2020-04,11418.0,182.2399688208617
2020-04,11419.0,115.16273094105779
2020-04,11420.0,162.56738592183342
2020-04,11421.0,172.39790009469698
2020-04,11422.0,191.61189793866262
2020-04,11423.0,135.83257610350077
2020-04,11426.0,126.30469727212243
2020-04,11427.0,53.69852832244009
2020-04,11428.0,115.79292290886391
2020-04,11429.0,138.39594173441733
2020-04,11430.0,112.83195707070708
2020-04,11432.0,218.38500407166123
2020-04,11433.0,152.33550406814138
2020-04,11434.0,152.60643946692358
2020-04,11435.0,97.37996155175394
2020-04,11436.0,133.43102870813397
2020-04,11691.0,222.74588566195706
2020-04,11692.0,152.78536144578314
2020-04,11693.0,181.12749435984207
2020-04,11694.0,113.67245938921378
2020-04,11695.0,154.84727124183004
2020-04,11697.0,94.09211279461279
2020-05,83.0,0.2654166666666667
2020-05,10000.0,7.105197428833793
2020-05,10001.0,57.69396264908977
2020-05,10002.0,55.923350233529995
2020-05,10003.0,60.448189215386186
2020-05,10004.0,63.47812757201646
2020-05,10005.0,131.9046918767507
2020-05,10006.0,71.13775793650794
2020-05,10007.0,44.27294729344729
2020-05,10009.0,35.2912663723326
2020-05,10010.0,73.4847701486698
2020-05,10011.0,82.50067080045096
2020-05,10012.0,115.96089983022071
2020-05,10013.0,42.115965719063546
2020-05,10014.0,56.97074854651163
2020-05,10016.0,56.63350926850927
2020-05,10017.0,44.15547839506173
2020-05,10018.0,64.03141754850088
2020-05,10019.0,41.33563633238807
2020-05,10020.0,0.24152777777777779
2020-05,10021.0,121.07348986794172
2020-05,10022.0,99.67956883087908
2020-05,10023.0,42.613393055555555
2020-05,10024.0,78.4703725824801
2020-05,10025.0,65.01603659368392
2020-05,10026.0,89.55718370522162
2020-05,10027.0,68.79811863779382
2020-05,10028.0,61.82052828513445
2020-05,10029.0,91.65581391954224
2020-05,10030.0,126.23400442716769
2020-05,10031.0,75.48078877244839
2020-05,10032.0,83.84075989006038
2020-05,10033.0,80.22388611600444
2020-05,10034.0,41.71375392341494
2020-05,10035.0,104.668298047331
2020-05,10036.0,50.59910197869102
2020-05,10037.0,74.4094957774466
2020-05,10038.0,28.6167784992785
2020-05,10039.0,102.99769582565992
2020-05,10040.0,37.60228060225958
2020-05,10044.0,14.577760942760941
2020-05,10045.0,1.0094444444444444
2020-05,10065.0,64.56169270833333
2020-05,10069.0,69.76219696969697
2020-05,10075.0,140.5117958152958
2020-05,10103.0,0.021111111111111112
2020-05,10105.0,2.05375
2020-05,10107.0,21.411527777777778
2020-05,10111.0,0.0575
2020-05,10115.0,352.6045833333334
2020-05,10118.0,635.2755555555556
2020-05,10119.0,7.911277777777778
2020-05,10120.0,0.14319444444444443
2020-05,10121.0,0.21652777777777776
2020-05,10122.0,0.32472222222222225
2020-05,10128.0,80.15333411470543
2020-05,10162.0,18.494027777777777
2020-05,10165.0,971.1036111111111
2020-05,10166.0,0.04027777777777778
2020-05,10168.0,0.16583333333333333
2020-05,10169.0,8.437173202614378
2020-05,10171.0,33.09097222222222
2020-05,10173.0,18.0
2020-05,10174.0,0.09944444444444445
2020-05,10177.0,0.555
2020-05,10278.0,84.51513888888888
2020-05,10279.0,0.32375
2020-05,10280.0,2.054623015873016
2020-05,10281.0,20.830092592592592
2020-05,10282.0,9.087509107468124
2020-05,10301.0,79.85412269045811
2020-05,10302.0,180.2213002873563
2020-05,10303.0,95.241614755909
2020-05,10304.0,134.4059195887903
2020-05,10305.0,122.53680022259321
2020-05,10306.0,104.73465546942292
2020-05,10307.0,55.55470469255663
2020-05,10308.0,98.59164935473717
2020-05,10309.0,104.03192600044713
2020-05,10310.0,61.21383524904215
2020-05,10312.0,102.71525925925926
2020-05,10314.0,107.67563022426096
2020-05,10451.0,76.96332018097644
2020-05,10452.0,82.15507635166435
2020-05,10453.0,95.14075335397317
2020-05,10454.0,87.24755007153075
2020-05,10455.0,101.55268457148118
2020-05,10456.0,90.66697214372225
2020-05,10457.0,68.41867100928422
2020-05,10458.0,122.56777891569311
2020-05,10459.0,104.33023959060247
2020-05,10460.0,104.78218761334784
2020-05,10461.0,56.563005347799326
2020-05,10462.0,75.00689364096792
2020-05,10463.0,63.552064944834505
2020-05,10464.0,80.28359561752988
2020-05,10465.0,85.58109918931807
2020-05,10466.0,23.47326821465951
2020-05,10467.0,111.64678993055556
2020-05,10468.0,87.29844803370787
2020-05,10469.0,128.57295116912798
2020-05,10470.0,89.9424504532996
2020-05,10471.0,76.66011454753722
2020-05,10472.0,92.72031301119918
2020-05,10473.0,60.391338295727685
2020-05,10474.0,104.3434103454416
2020-05,10475.0,119.61497051520794
2020-05,11001.0,81.1732264957265
2020-05,11004.0,171.40377688172043
2020-05,11005.0,0.42727777777777776
2020-05,11040.0,173.30672413793104
2020-05,11101.0,61.36136312399356
2020-05,11102.0,71.688088678109
2020-05,11103.0,61.035431161712
2020-05,11104.0,88.81394968200523
2020-05,11105.0,71.07198279342012
2020-05,11106.0,65.64282649693541
2020-05,11109.0,2.6905777777777775
2020-05,11201.0,47.07723714581343
2020-05,11203.0,152.3572465851905
2020-05,11204.0,75.57355478454554
2020-05,11205.0,103.5983881931064
2020-05,11206.0,55.81365437489892
2020-05,11207.0,122.73658995071888
2020-05,11208.0,95.46143419453689
2020-05,11209.0,74.25821754582866
2020-05,11210.0,99.68198547400611
2020-05,11211.0,74.68766994311227
2020-05,11212.0,138.85901012241052
2020-05,11213.0,115.23616577487118
2020-05,11214.0,90.7464004819058
2020-05,11215.0,84.92609574675642
2020-05,11216.0,103.5156041088651
2020-05,11217.0,80.1330844190234
2020-05,11218.0,94.70654008158199
2020-05,11219.0,87.14983933503292
2020-05,11220.0,70.6682819219642
2020-05,11221.0,80.50369717883521
2020-05,11222.0,61.73557212628641
2020-05,11223.0,109.63819639376219
2020-05,11224.0,101.17806234096692
2020-05,11225.0,93.12272314002179
2020-05,11226.0,92.6589321060966
2020-05,11228.0,70.28676440329218
2020-05,11229.0,141.4598693717508
2020-05,11230.0,127.95053334106012
2020-05,11231.0,133.9993768436578
2020-05,11232.0,94.73068496037767
2020-05,11233.0,110.6717459400475
2020-05,11234.0,86.84488402602855
2020-05,11235.0,83.17326746849943
2020-05,11236.0,129.91505822109988
2020-05,11237.0,78.0911748231132
2020-05,11238.0,82.0482735016208
2020-05,11239.0,106.92382519462137
2020-05,11241.0,65.62916666666666
2020-05,11249.0,48.283232172470974
2020-05,11251.0,2.5556944444444447
2020-05,11354.0,111.5176553362573
2020-05,11355.0,212.044456300813
2020-05,11356.0,77.76177083333333
2020-05,11357.0,121.54016337448559
2020-05,11358.0,102.00725947059756
2020-05,11359.0,81.87233333333333
2020-05,11360.0,152.30653552251138
2020-05,11361.0,83.11813253784962
2020-05,11362.0,149.0217015503876
2020-05,11363.0,171.22282181571816
2020-05,11364.0,136.941470118944
2020-05,11365.0,84.66089102922017
2020-05,11366.0,88.30135045173562
2020-05,11367.0,81.1275638569604
2020-05,11368.0,59.09967535692117
2020-05,11369.0,95.98993093922653
2020-05,11370.0,79.67257908027644
2020-05,11372.0,57.70233328809265
2020-05,11373.0,58.5659569621373
2020-05,11374.0,75.275168997669
2020-05,11375.0,94.43691004207892
2020-05,11377.0,68.63079504985755
2020-05,11378.0,114.39044412878788
2020-05,11379.0,83.25665255496138
2020-05,11385.0,76.11983009166109
2020-05,11411.0,91.81180655475619
2020-05,11412.0,136.91398938187334
2020-05,11413.0,93.08583387692977
2020-05,11414.0,161.29230344742064
2020-05,11415.0,112.06715396825398
2020-05,11416.0,69.12269874283602
2020-05,11417.0,115.71246232876713
2020-05,11418.0,143.7310302781203
2020-05,11419.0,72.69768830249721
2020-05,11420.0,120.63886783200647
2020-05,11421.0,135.47697861459787
2020-05,11422.0,140.3177404870624
2020-05,11423.0,127.1630940878767
2020-05,11426.0,161.03897838214783
2020-05,11427.0,153.87570698302468
2020-05,11428.0,194.24889072240558
2020-05,11429.0,74.5889013732834
2020-05,11430.0,109.0137091503268
2020-05,11432.0,122.03928099321186
2020-05,11433.0,78.74706856641124
2020-05,11434.0,106.34425055731549
2020-05,11435.0,112.96483273006471
2020-05,11436.0,152.68257575757573
2020-05,11691.0,190.38827765050274
2020-05,11692.0,249.30477347883598
2020-05,11693.0,64.45200568678915
2020-05,11694.0,69.82162099811677
2020-05,11695.0,112.79659722222222
2020-05,11697.0,163.49410818713451
2020-05,12345.0,0.6030555555555556
2020-06,83.0,1.1813888888888888
2020-06,10000.0,31.024321378340368
2020-06,10001.0,56.22385224447062
2020-06,10002.0,62.03182756888254
2020-06,10003.0,87.45547201531139
2020-06,10004.0,55.0547653256705
2020-06,10005.0,70.24739923747276
2020-06,10006.0,87.44265729585007
2020-06,10007.0,123.60233309990663
2020-06,10009.0,48.82722771500314
2020-06,10010.0,55.49011177136389
2020-06,10011.0,105.20455164813144
2020-06,10012.0,87.48679418453541
2020-06,10013.0,89.30313831660503
2020-06,10014.0,99.27291028845153
2020-06,10016.0,112.59062093047679
2020-06,10017.0,75.5207365466512
2020-06,10018.0,53.578212560386476
2020-06,10019.0,74.18787982333798
2020-06,10020.0,62.391507936507935
2020-06,10021.0,135.71093446824088
2020-06,10022.0,102.86892101621194
2020-06,10023.0,70.724571616048
2020-06,10024.0,102.29479622745421
2020-06,10025.0,82.93490583371613
2020-06,10026.0,41.974283284385706
2020-06,10027.0,83.62068133471851
2020-06,10028.0,91.23148600554953
2020-06,10029.0,50.31293005671077
2020-06,10030.0,59.14168005983441
2020-06,10031.0,67.66563076640062
2020-06,10032.0,50.968483093337134
2020-06,10033.0,57.864985011990406
2020-06,10034.0,28.412370999431257
2020-06,10035.0,66.61914094280928
2020-06,10036.0,79.15519814814814
2020-06,10037.0,67.13796674413457
2020-06,10038.0,78.69090277777778
2020-06,10039.0,83.92510362162717
2020-06,10040.0,20.680400378911788
2020-06,10041.0,66.90194444444445
2020-06,10044.0,44.05511229314421
2020-06,10065.0,75.49697633434039
2020-06,10069.0,92.21061447811448
2020-06,10075.0,165.35383580570098
2020-06,10103.0,0.0
2020-06,10112.0,24.920277777777777
2020-06,10115.0,1072.963611111111
2020-06,10119.0,1.2499259259259259
2020-06,10120.0,119.85486111111112
2020-06,10121.0,2.7862777777777774
2020-06,10123.0,1.7075
2020-06,10128.0,93.10892611321815
2020-06,10153.0,184.8437037037037
2020-06,10154.0,359.9060185185185
2020-06,10155.0,1.6047222222222222
2020-06,10162.0,42.48506944444444
2020-06,10168.0,0.3711111111111111
2020-06,10169.0,7.8289850427350425
2020-06,10170.0,15.895833333333334
2020-06,10177.0,0.14722222222222223
2020-06,10178.0,4.500601851851852
2020-06,10179.0,0.3869444444444444
2020-06,10271.0,4.426527777777778
2020-06,10278.0,52.640499999999996
2020-06,10279.0,0.17194444444444446
2020-06,10280.0,49.919805555555556
2020-06,10281.0,151.17916666666667
2020-06,10282.0,79.86848765432099
2020-06,10301.0,102.61134054217386
2020-06,10302.0,86.65003642987249
2020-06,10303.0,95.60340905409782
2020-06,10304.0,104.39885302125876
2020-06,10305.0,118.35377631578947
2020-06,10306.0,145.4306855396066
2020-06,10307.0,81.80068945442449
2020-06,10308.0,68.87277342995169
2020-06,10309.0,155.68951859535886
2020-06,10310.0,86.74064956079519
2020-06,10312.0,128.6899630047655
2020-06,10314.0,95.02486393023605
2020-06,10451.0,61.169425559291085
2020-06,10452.0,74.92361715117035
2020-06,10453.0,52.22282113972875
2020-06,10454.0,75.13205938697318
2020-06,10455.0,71.17205942908988
2020-06,10456.0,73.1500493753521
2020-06,10457.0,72.63173947245096
2020-06,10458.0,98.67001305177503
2020-06,10459.0,128.44078713606655
2020-06,10460.0,86.35028096940296
2020-06,10461.0,141.6990089737861
2020-06,10462.0,73.40756413635565
2020-06,10463.0,75.87698997628317
2020-06,10464.0,139.8787780112045
2020-06,10465.0,117.59671806167401
2020-06,10466.0,40.48081386538704
2020-06,10467.0,109.48709254652663
2020-06,10468.0,65.54451151192184
2020-06,10469.0,110.63910769432947
2020-06,10470.0,97.8608785113616
2020-06,10471.0,99.79105119825708
2020-06,10472.0,73.92219731189938
2020-06,10473.0,66.05523576535671
2020-06,10474.0,79.59584701696771
2020-06,10475.0,107.07046121593291
2020-06,11001.0,223.06744117647057
2020-06,11004.0,178.68615869341562
2020-06,11005.0,84.31006944444445
2020-06,11040.0,116.41372685185185
2020-06,11101.0,51.46845065391801
2020-06,11102.0,83.16856103731816
2020-06,11103.0,104.59271401819154
2020-06,11104.0,123.91185883997204
2020-06,11105.0,91.69866993713897
2020-06,11106.0,92.13097551703163
2020-06,11109.0,8.884106861819326
2020-06,11201.0,92.23047671544064
2020-06,11203.0,89.49185734463276
2020-06,11204.0,118.21465809240362
2020-06,11205.0,104.44989901090774
2020-06,11206.0,65.30466788888889
2020-06,11207.0,106.03203767182576
2020-06,11208.0,97.17077032653955
2020-06,11209.0,85.96515477116556
2020-06,11210.0,139.6702553505062
2020-06,11211.0,79.18731340334236
2020-06,11212.0,80.63926978019215
2020-06,11213.0,100.06210146458245
2020-06,11214.0,95.897759375
2020-06,11215.0,109.99322870043189
2020-06,11216.0,102.75653910128462
2020-06,11217.0,93.32945967943901
2020-06,11218.0,99.4786256181998
2020-06,11219.0,78.61984170086089
2020-06,11220.0,77.73280638612034
2020-06,11221.0,77.84868728387812
2020-06,11222.0,87.5846950722867
2020-06,11223.0,112.28485054347826
2020-06,11224.0,79.81009535655058
2020-06,11225.0,66.17946852180778
2020-06,11226.0,67.47466592405267
2020-06,11228.0,76.23160088395518
2020-06,11229.0,110.97694877073637
2020-06,11230.0,126.83039296824559
2020-06,11231.0,116.03654144419018
2020-06,11232.0,81.01483857067092
2020-06,11233.0,86.49855845543345
2020-06,11234.0,118.45272539682539
2020-06,11235.0,103.86301137049101
2020-06,11236.0,99.48939696003093
2020-06,11237.0,80.72184738639349
2020-06,11238.0,83.5177381296698
2020-06,11239.0,92.54735126859143
2020-06,11241.0,73.03833333333333
2020-06,11242.0,190.50447916666667
2020-06,11249.0,58.2439174382716
2020-06,11354.0,181.8795590585054
2020-06,11355.0,130.85989484672572
2020-06,11356.0,182.71984760170005
2020-06,11357.0,132.73548307892557
2020-06,11358.0,128.96496773288442
2020-06,11359.0,20.792499999999997
2020-06,11360.0,171.92299342105264
2020-06,11361.0,155.4459236111111
2020-06,11362.0,225.04761297678274
2020-06,11363.0,246.94053376906317
2020-06,11364.0,151.76127710708698
2020-06,11365.0,89.34062652329749
2020-06,11366.0,37.62768476847685
2020-06,11367.0,98.90233141447368
2020-06,11368.0,59.64556613756613
2020-06,11369.0,96.06061999679795
2020-06,11370.0,111.7718457854406
2020-06,11371.0,271.2396527777778
2020-06,11372.0,92.64193697632058
2020-06,11373.0,163.90195086599147
2020-06,11374.0,77.05212765957447
2020-06,11375.0,121.58059566373305
2020-06,11377.0,79.80057609392298
2020-06,11378.0,96.2241998602376
2020-06,11379.0,118.66647614178596
2020-06,11385.0,88.46742114082366
2020-06,11411.0,88.60878352490421
2020-06,11412.0,142.18663711583923
2020-06,11413.0,144.97094893378227
2020-06,11414.0,91.50802768931351
2020-06,11415.0,144.18384364002011
2020-06,11416.0,118.18787776323444
2020-06,11417.0,131.24679302521895
2020-06,11418.0,129.93853036876357
2020-06,11419.0,105.14267537366047
2020-06,11420.0,107.72795554141928
2020-06,11421.0,70.27715190651907
2020-06,11422.0,118.85825612207603
2020-06,11423.0,133.03925085407516
2020-06,11426.0,179.16772669220944
2020-06,11427.0,252.7292876787679
2020-06,11428.0,189.33067946623095
2020-06,11429.0,109.52689302112029
2020-06,11430.0,162.10221230158731
2020-06,11432.0,119.24693591426073
2020-06,11433.0,125.39716113516113
2020-06,11434.0,135.83381810897436
2020-06,11435.0,112.37995596205963
2020-06,11436.0,112.64206033549785
2020-06,11691.0,123.82222645460216
2020-06,11692.0,244.35206777551483
2020-06,11693.0,101.050410906298
2020-06,11694.0,55.70951518934665
2020-06,11695.0,-63.40407407407408
2020-06,11697.0,129.88396241830065
2020-06,12345.0,143.56162037037038
2020-07,10000.0,48.55131313131313
2020-07,10001.0,50.38285819337698
2020-07,10002.0,73.79849001779557
2020-07,10003.0,116.89800964378
2020-07,10004.0,102.51530539311241
2020-07,10005.0,81.72885777777778
2020-07,10006.0,93.38681341719077
2020-07,10007.0,98.24985294117647
2020-07,10009.0,88.10785724606271
2020-07,10010.0,141.0691158234127
2020-07,10011.0,118.70480292588562
2020-07,10012.0,166.08665820868947
2020-07,10013.0,84.95751006441223
2020-07,10014.0,157.43209234077173
2020-07,10016.0,109.14384885378962
2020-07,10017.0,106.82646599070553
2020-07,10018.0,98.46929512258737
2020-07,10019.0,101.45258371385084
2020-07,10020.0,118.5054365079365
2020-07,10021.0,187.3317900516796
2020-07,10022.0,117.84702747909199
2020-07,10023.0,105.65476211903048
2020-07,10024.0,76.86057526881721
2020-07,10025.0,98.49967291045834
2020-07,10026.0,67.11455003050641
2020-07,10027.0,91.21391588117682
2020-07,10028.0,153.99124109901922
2020-07,10029.0,87.45833067401605
2020-07,10030.0,121.41193724382408
2020-07,10031.0,67.10813490935506
2020-07,10032.0,39.66824441336836
2020-07,10033.0,53.4658785685565
2020-07,10034.0,39.9570612087847
2020-07,10035.0,112.80792898402989
2020-07,10036.0,114.65795721187025
2020-07,10037.0,95.64237831294598
2020-07,10038.0,78.69481717965509
2020-07,10039.0,115.81302613574165
2020-07,10040.0,41.25305380073496
2020-07,10041.0,19.02
2020-07,10044.0,260.7818686868687
2020-07,10065.0,124.62379925925927
2020-07,10069.0,62.991085858585855
2020-07,10075.0,197.70220298553403
2020-07,10103.0,94.315
2020-07,10105.0,69.4225
2020-07,10110.0,2.3223611111111113
2020-07,10111.0,499.62083333333334
2020-07,10112.0,410.40333333333336
2020-07,10115.0,389.7578703703704
2020-07,10118.0,30.953611111111112
2020-07,10119.0,3.233763888888889
2020-07,10120.0,110.71444444444445
2020-07,10121.0,172.3541111111111
2020-07,10122.0,39.75777777777778
2020-07,10123.0,6.48125
2020-07,10128.0,107.93317869415806
2020-07,10151.0,0.2922222222222222
2020-07,10153.0,0.4421296296296296
2020-07,10154.0,22.558333333333334
2020-07,10162.0,40.291923076923084
2020-07,10165.0,63.98833333333334
2020-07,10167.0,2.4780555555555557
2020-07,10168.0,0.17324074074074072
2020-07,10169.0,25.35584422657952
2020-07,10170.0,78.24188271604937
2020-07,10172.0,143.8711111111111
2020-07,10173.0,9.09
2020-07,10175.0,2.0052777777777777
2020-07,10177.0,21.18027777777778
2020-07,10178.0,0.21291666666666667
2020-07,10271.0,3.305555555555556
2020-07,10278.0,4.764166666666666
2020-07,10279.0,7.58638888888889
2020-07,10280.0,39.867540650406504
2020-07,10281.0,52.13625
2020-07,10282.0,56.827842592592596
2020-07,10301.0,124.65111473880597
2020-07,10302.0,147.83012359011278
2020-07,10303.0,135.9889240659874
2020-07,10304.0,131.06717923558546
2020-07,10305.0,121.6794093634392
2020-07,10306.0,128.00690303657694
2020-07,10307.0,78.22163407407407
2020-07,10308.0,132.3955995547074
2020-07,10309.0,116.26190952151573
2020-07,10310.0,100.17886384650947
2020-07,10312.0,108.87255749405234
2020-07,10314.0,99.09777100271002
2020-07,10451.0,72.83667911788869
2020-07,10452.0,72.67510859944983
2020-07,10453.0,74.105793127099
2020-07,10454.0,140.01392623511032
2020-07,10455.0,95.37007168458781
2020-07,10456.0,98.4523964604999
2020-07,10457.0,83.0854075741044
2020-07,10458.0,110.16002383474576
2020-07,10459.0,128.44682111504193
2020-07,10460.0,99.29001537552949
2020-07,10461.0,103.83650991452993
2020-07,10462.0,102.92006667895771
2020-07,10463.0,99.3114051603905
2020-07,10464.0,101.89975836431226
2020-07,10465.0,80.61614497015059
2020-07,10466.0,31.85710013971072
2020-07,10467.0,130.2372360185746
2020-07,10468.0,89.28299631803483
2020-07,10469.0,109.58869800479413
2020-07,10470.0,114.68677431328878
2020-07,10471.0,108.011228453991
2020-07,10472.0,66.50351006124234
2020-07,10473.0,78.04670052027653
2020-07,10474.0,139.17775516795865
2020-07,10475.0,133.80111666666664
2020-07,11001.0,168.74817574786326
2020-07,11004.0,239.3570285888078
2020-07,11005.0,201.98875
2020-07,11040.0,151.5278015873016
2020-07,11101.0,74.25262260340217
2020-07,11102.0,133.35923361823362
2020-07,11103.0,123.75900884875023
2020-07,11104.0,109.9281001984127
2020-07,11105.0,121.6677531472359
2020-07,11106.0,101.19044587628866
2020-07,11109.0,2.37617904589372
2020-07,11201.0,77.06053791625453
2020-07,11203.0,104.77534941449463
2020-07,11204.0,166.98767992637667
2020-07,11205.0,115.42454715423466
2020-07,11206.0,95.58210333006856
2020-07,11207.0,96.87790162832115
2020-07,11208.0,73.9438118403983
2020-07,11209.0,142.16165269749519
2020-07,11210.0,175.67945384560807
2020-07,11211.0,102.73005426356589
2020-07,11212.0,126.96708207010263
2020-07,11213.0,91.04496456386292
2020-07,11214.0,121.34724702684336
2020-07,11215.0,145.5452353896104
2020-07,11216.0,121.30658390514024
2020-07,11217.0,120.3423772440563
2020-07,11218.0,122.61199057852528
2020-07,11219.0,113.03227468388486
2020-07,11220.0,110.18498777078966
2020-07,11221.0,96.07079945799458
2020-07,11222.0,101.08665411286466
2020-07,11223.0,153.22179597701148
2020-07,11224.0,90.16579749103943
2020-07,11225.0,111.58912252368648
2020-07,11226.0,105.26479340804018
2020-07,11228.0,120.45873070544711
2020-07,11229.0,165.889231678487
2020-07,11230.0,204.94296889771223
2020-07,11231.0,94.7334696342305
2020-07,11232.0,97.72205810008482
2020-07,11233.0,129.92747927739813
2020-07,11234.0,159.92289134187337
2020-07,11235.0,156.3157516989889
2020-07,11236.0,92.38140271279362
2020-07,11237.0,80.8443740538904
2020-07,11238.0,93.25847546379414
2020-07,11239.0,141.42127591706537
2020-07,11241.0,23.528055555555557
2020-07,11249.0,76.3889978144388
2020-07,11354.0,150.02410801370766
2020-07,11355.0,133.54918788953364
2020-07,11356.0,122.86479481098175
2020-07,11357.0,98.8253947541848
2020-07,11358.0,155.35377281874372
2020-07,11359.0,0.5858333333333333
2020-07,11360.0,113.97444762510602
2020-07,11361.0,195.11696254208755
2020-07,11362.0,203.71821776155716
2020-07,11363.0,187.5201792750197
2020-07,11364.0,146.16700969729925
2020-07,11365.0,87.10316117969822
2020-07,11366.0,38.47284825870647
2020-07,11367.0,153.5971236417806
2020-07,11368.0,84.62534594566993
2020-07,11369.0,117.21061014372582
2020-07,11370.0,81.31063123074134
2020-07,11372.0,129.99261513810902
2020-07,11373.0,100.20415704070406
2020-07,11374.0,98.85323999100315
2020-07,11375.0,139.81031370923162
2020-07,11377.0,88.38362934305704
2020-07,11378.0,110.00948795747483
2020-07,11379.0,105.49333583865715
2020-07,11385.0,85.76086161757831
2020-07,11411.0,103.73431295200527
2020-07,11412.0,130.28756160046055
2020-07,11413.0,108.90204697986577
2020-07,11414.0,92.83563666492238
2020-07,11415.0,182.0246718648473
2020-07,11416.0,73.25605646059594
2020-07,11417.0,93.96866200578593
2020-07,11418.0,98.96975583132254
2020-07,11419.0,106.1962746469491
2020-07,11420.0,92.12826127239036
2020-07,11421.0,84.43402535328346
2020-07,11422.0,112.94347461368653
2020-07,11423.0,113.0510502283105
2020-07,11426.0,143.60550904689092
2020-07,11427.0,181.24559027777775
2020-07,11428.0,114.67792949137743
2020-07,11429.0,114.72013522185551
2020-07,11430.0,157.1157098765432
2020-07,11432.0,106.61773157935949
2020-07,11433.0,122.42504890139335
2020-07,11434.0,131.7107520282187
2020-07,11435.0,112.84626494440263
2020-07,11436.0,133.29961615371238
2020-07,11691.0,140.31355450913242
2020-07,11692.0,191.40477561795058
2020-07,11693.0,69.04455290537888
2020-07,11694.0,70.1182443897099
2020-07,11695.0,3.3669907407407407
2020-07,11697.0,70.1371378968254
2020-07,12345.0,144.79296296296295
2020-08,10000.0,69.23837962962963
2020-08,10001.0,50.6846169497523
2020-08,10002.0,54.93480575806669
2020-08,10003.0,80.50811391784728
2020-08,10004.0,83.74068181818181
2020-08,10005.0,58.25532505910166
2020-08,10006.0,66.02162326388888
2020-08,10007.0,78.20197463768116
2020-08,10009.0,54.01951913543525
2020-08,10010.0,60.4439253647587
2020-08,10011.0,66.06862127735917
2020-08,10012.0,80.82150165016502
2020-08,10013.0,65.68122401937802
2020-08,10014.0,66.72286676140209
2020-08,10016.0,134.3410734299517
2020-08,10017.0,92.03751543209877
2020-08,10018.0,50.50435305658819
2020-08,10019.0,46.302714694255194
2020-08,10020.0,15.510173611111112
2020-08,10021.0,86.63353023909987
2020-08,10022.0,88.1091225749559
2020-08,10023.0,59.2534719241774
2020-08,10024.0,64.91763589666866
2020-08,10025.0,65.42783493077742
2020-08,10026.0,46.64977410901468
2020-08,10027.0,65.84921583459405
2020-08,10028.0,67.60317634363687
2020-08,10029.0,50.26782016836826
2020-08,10030.0,73.35901490066226
2020-08,10031.0,57.90675853407698
2020-08,10032.0,34.59693817368314
2020-08,10033.0,40.595812675590814
2020-08,10034.0,20.319616444444446
2020-08,10035.0,61.30301661669166
2020-08,10036.0,53.755114466815805
2020-08,10037.0,73.76359538784067
2020-08,10038.0,81.76284472934474
2020-08,10039.0,63.43305280800088
2020-08,10040.0,31.916680768197686
2020-08,10041.0,25.04652777777778
2020-08,10044.0,59.79347670250896
2020-08,10045.0,898.1130555555555
2020-08,10048.0,0.2086111111111111
2020-08,10065.0,83.12419107091588
2020-08,10069.0,24.07371212121212
2020-08,10075.0,129.2595909090909
2020-08,10103.0,0.5601388888888889
2020-08,10105.0,0.7172222222222222
2020-08,10107.0,2.859583333333333
2020-08,10112.0,24.799166666666668
2020-08,10115.0,228.9449074074074
2020-08,10118.0,34.76833333333333
2020-08,10119.0,4.076319444444445
2020-08,10120.0,0.7571825396825397
2020-08,10121.0,291.2886666666667
2020-08,10123.0,0.19
2020-08,10128.0,98.07323259525235
2020-08,10151.0,0.24481481481481482
2020-08,10153.0,0.19111111111111112
2020-08,10154.0,24.878680555555558
2020-08,10155.0,0.6133333333333333
2020-08,10158.0,0.07111111111111111
2020-08,10162.0,27.00787037037037
2020-08,10165.0,15.597962962962965
2020-08,10169.0,4.150428802588997
2020-08,10170.0,118.50037037037038
2020-08,10173.0,0.6055555555555555
2020-08,10178.0,37.27694444444444
2020-08,10271.0,0.0
2020-08,10278.0,12.851064814814814
2020-08,10279.0,34.234722222222224
2020-08,10280.0,37.78997777777778
2020-08,10281.0,43.484365079365084
2020-08,10282.0,235.49814814814815
2020-08,10301.0,75.90838996289787
2020-08,10302.0,86.17733475479744
2020-08,10303.0,62.621443236714974
2020-08,10304.0,103.37567362335881
2020-08,10305.0,106.14529812779813
2020-08,10306.0,114.93152133502323
2020-08,10307.0,115.03682315064391
2020-08,10308.0,118.91042250233427
2020-08,10309.0,126.11226996527778
2020-08,10310.0,82.41727207977208
2020-08,10312.0,132.52740484700277
2020-08,10314.0,100.91565395592724
2020-08,10451.0,61.84325223361516
2020-08,10452.0,48.490058816089046
2020-08,10453.0,49.441657127991675
2020-08,10454.0,56.08873323579615
2020-08,10455.0,69.42243167648817
2020-08,10456.0,87.9030493877924
2020-08,10457.0,35.585283296541576
2020-08,10458.0,68.12883354132002
2020-08,10459.0,80.4274075721629
2020-08,10460.0,68.66415025037793
2020-08,10461.0,96.13553297997645
2020-08,10462.0,78.14568834613976
2020-08,10463.0,48.811335218702865
2020-08,10464.0,80.75584307992203
2020-08,10465.0,76.95566324945635
2020-08,10466.0,15.771075040248776
2020-08,10467.0,84.65332356808601
2020-08,10468.0,47.64444535568921
2020-08,10469.0,84.23683103764921
2020-08,10470.0,86.02248493186582
2020-08,10471.0,73.78229280926264
2020-08,10472.0,50.15131688982852
2020-08,10473.0,49.08294520097362
2020-08,10474.0,72.7096972934473
2020-08,10475.0,71.9420793022574
2020-08,11001.0,167.4303719806763
2020-08,11004.0,180.4712800519818
2020-08,11005.0,197.4975
2020-08,11040.0,143.30575281803542
2020-08,11101.0,64.36443078890963
2020-08,11102.0,89.63303774215098
2020-08,11103.0,127.11233369374936
2020-08,11104.0,129.0207349537037
2020-08,11105.0,114.21288593436742
2020-08,11106.0,110.43470270890725
2020-08,11109.0,13.716805555555554
2020-08,11201.0,68.10363991081383
2020-08,11203.0,95.71824768288647
2020-08,11204.0,94.1902298488665
2020-08,11205.0,104.0313850101444
2020-08,11206.0,66.18761540032679
2020-08,11207.0,76.76960828394304
2020-08,11208.0,69.74170097299854
2020-08,11209.0,119.76846560104693
2020-08,11210.0,131.37986720951008
2020-08,11211.0,70.40875675054578
2020-08,11212.0,91.85643736616703
2020-08,11213.0,82.4672030751378
2020-08,11214.0,104.96099140926032
2020-08,11215.0,96.30098798266351
2020-08,11216.0,83.03012217869801
2020-08,11217.0,83.39996153846154
2020-08,11218.0,105.15269953825857
2020-08,11219.0,106.32273083583995
2020-08,11220.0,76.35215748268594
2020-08,11221.0,68.78039359294986
2020-08,11222.0,62.74093123589539
2020-08,11223.0,123.97570256410256
2020-08,11224.0,59.742331402257875
2020-08,11225.0,77.52509809835689
2020-08,11226.0,93.06101699848644
2020-08,11228.0,146.55329437156632
2020-08,11229.0,124.79169167909521
2020-08,11230.0,135.4821244965648
2020-08,11231.0,97.09005800848581
2020-08,11232.0,80.56129952627046
2020-08,11233.0,87.5638185690943
2020-08,11234.0,147.3288110682562
2020-08,11235.0,107.06943272798281
2020-08,11236.0,113.66296252038997
2020-08,11237.0,53.17328518323381
2020-08,11238.0,78.49538237100737
2020-08,11239.0,103.20813528029541
2020-08,11241.0,47.719166666666666
2020-08,11249.0,53.086528791565286
2020-08,11354.0,141.14416435185186
2020-08,11355.0,122.50677151309493
2020-08,11356.0,172.66209173943594
2020-08,11357.0,165.4333130952381
2020-08,11358.0,161.59938537959667
2020-08,11359.0,51.82675925925926
2020-08,11360.0,142.79781999324553
2020-08,11361.0,163.3912656784493
2020-08,11362.0,203.28557489043567
2020-08,11363.0,242.7034049554781
2020-08,11364.0,177.55965041279669
2020-08,11365.0,133.56476650563607
2020-08,11366.0,64.58060196773745
2020-08,11367.0,175.1540703405018
2020-08,11368.0,61.035294508617525
2020-08,11369.0,85.7830102685624
2020-08,11370.0,107.7994299201162
2020-08,11371.0,237.35569444444445
2020-08,11372.0,87.39062716562717
2020-08,11373.0,96.24818981228358
2020-08,11374.0,118.10762908124526
2020-08,11375.0,134.51484037037037
2020-08,11377.0,81.42528356732764
2020-08,11378.0,131.56656472060723
2020-08,11379.0,141.70318864774626
2020-08,11385.0,88.77237149686779
2020-08,11411.0,160.09489434219495
2020-08,11412.0,139.6348642335091
2020-08,11413.0,120.23083509560314
2020-08,11414.0,118.11769981060607
2020-08,11415.0,141.09483253315045
2020-08,11416.0,106.95260501686799
2020-08,11417.0,86.62590071192474
2020-08,11418.0,117.95463335646542
2020-08,11419.0,83.28664888670059
2020-08,11420.0,98.91249693725365
2020-08,11421.0,86.7491166870665
2020-08,11422.0,134.0015762937595
2020-08,11423.0,113.32622146977677
2020-08,11426.0,199.26592683369645
2020-08,11427.0,158.09932716049383
2020-08,11428.0,203.12683049606443
2020-08,11429.0,129.2733625730994
2020-08,11430.0,353.66665343915344
2020-08,11432.0,127.90761355105104
2020-08,11433.0,97.9046673126615
2020-08,11434.0,129.8811733370391
2020-08,11435.0,99.65662613872749
2020-08,11436.0,101.47149860199369
2020-08,11691.0,137.87232278851786
2020-08,11692.0,136.31597184170474
2020-08,11693.0,49.72352948620602
2020-08,11694.0,69.32965210355987
2020-08,11695.0,23.046944444444446
2020-08,11697.0,108.7526736111111
2020-08,12345.0,0.6279861111111111
2020-09,10000.0,28.875324074074072
2020-09,10001.0,18.69497258127693
2020-09,10002.0,22.736451629224856
2020-09,10003.0,30.71514574759945
2020-09,10004.0,37.49643298059965
2020-09,10005.0,20.541736736736738
2020-09,10006.0,34.16876331811263
2020-09,10007.0,34.563245294474804
2020-09,10009.0,21.138944266524334
2020-09,10010.0,30.696140740740738
2020-09,10011.0,30.509944444444447
2020-09,10012.0,28.929456140350876
2020-09,10013.0,29.52582070707071
2020-09,10014.0,32.72805186660764
2020-09,10016.0,62.50459350221399
2020-09,10017.0,23.897989356178606
2020-09,10018.0,12.891698047419805
2020-09,10019.0,18.62847450264964
2020-09,10020.0,11.679242424242425
2020-09,10021.0,47.27532196969697
2020-09,10022.0,30.578698229077407
2020-09,10023.0,21.001205833709214
2020-09,10024.0,26.657579545454546
2020-09,10025.0,24.682210366965784
2020-09,10026.0,11.2620883470551
2020-09,10027.0,23.55584486598266
2020-09,10028.0,21.895337390296405
2020-09,10029.0,19.43533099191145
2020-09,10030.0,32.25367611434108
2020-09,10031.0,17.319060174240434
2020-09,10032.0,17.74136152721037
2020-09,10033.0,15.684850918244345
2020-09,10034.0,6.672827368567069
2020-09,10035.0,28.972236703528175
2020-09,10036.0,24.00307324016563
2020-09,10037.0,11.610961881589619
2020-09,10038.0,29.924435515873014
2020-09,10039.0,16.79490850970018
2020-09,10040.0,13.045922802763082
2020-09,10041.0,11.008
2020-09,10044.0,88.42696581196581
2020-09,10045.0,11.294027777777778
2020-09,10048.0,7.65
2020-09,10055.0,230.31333333333333
2020-09,10065.0,31.570691434468525
2020-09,10069.0,10.480530303030303
2020-09,10075.0,38.92618427069044
2020-09,10103.0,2.7198611111111113
2020-09,10105.0,4.6752777777777785
2020-09,10112.0,146.0914814814815
2020-09,10119.0,6.91381313131313
2020-09,10121.0,23.81719696969697
2020-09,10123.0,0.4410185185185185
2020-09,10128.0,35.97579323570432
2020-09,10151.0,2.2670833333333333
2020-09,10152.0,11.367777777777778
2020-09,10154.0,0.5769444444444445
2020-09,10162.0,0.15555555555555556
2020-09,10168.0,4.25111111111111
2020-09,10169.0,4.600608747044918
2020-09,10170.0,0.12576388888888887
2020-09,10171.0,22.296944444444446
2020-09,10173.0,8.531666666666666
2020-09,10174.0,83.24277777777777
2020-09,10177.0,4.6075
2020-09,10178.0,0.2927777777777778
2020-09,10278.0,5.85
2020-09,10279.0,205.4613888888889
2020-09,10280.0,17.883849206349208
2020-09,10281.0,0.5485416666666667
2020-09,10282.0,32.14944444444444
2020-09,10301.0,32.40695560969008
2020-09,10302.0,23.25394845894846
2020-09,10303.0,23.96710495455878
2020-09,10304.0,33.40622321701867
2020-09,10305.0,24.545349014336917
2020-09,10306.0,35.882375
2020-09,10307.0,36.72106635802469
2020-09,10308.0,37.94986633811231
2020-09,10309.0,38.25772463768116
2020-09,10310.0,31.2380056745378
2020-09,10312.0,43.58061075875029
2020-09,10314.0,29.86580717080717
2020-09,10451.0,21.198883442265796
2020-09,10452.0,23.04000101010101
2020-09,10453.0,19.92027680311891
2020-09,10454.0,26.927269570707068
2020-09,10455.0,20.82917861111111
2020-09,10456.0,26.190398805715503
2020-09,10457.0,26.091184696867256
2020-09,10458.0,26.546172569064137
2020-09,10459.0,27.042691857849753
2020-09,10460.0,22.94810821123321
2020-09,10461.0,28.925033881897388
2020-09,10462.0,32.768205373058315
2020-09,10463.0,21.886164515893846
2020-09,10464.0,32.778930555555554
2020-09,10465.0,18.22584552219656
2020-09,10466.0,8.784707717327025
2020-09,10467.0,27.733363518758086
2020-09,10468.0,20.66530113234253
2020-09,10469.0,25.097868695568952
2020-09,10470.0,32.568280106453756
2020-09,10471.0,27.72601585014409
2020-09,10472.0,19.897964733703475
2020-09,10473.0,19.508612096837787
2020-09,10474.0,34.588266162888324
2020-09,10475.0,26.846668803418805
2020-09,11001.0,40.896559829059825
2020-09,11004.0,37.079040849673206
2020-09,11005.0,0.5223333333333333
2020-09,11040.0,26.663849206349205
2020-09,11101.0,21.10779219964886
2020-09,11102.0,17.87618178382464
2020-09,11103.0,30.67744292237443
2020-09,11104.0,29.092727746508235
2020-09,11105.0,26.72586842802278
2020-09,11106.0,27.74774712911235
2020-09,11109.0,5.63846600331675
2020-09,11201.0,27.097183826317785
2020-09,11203.0,27.41396182685753
2020-09,11204.0,33.27628307921486
2020-09,11205.0,29.599358216970998
2020-09,11206.0,26.752978428537
2020-09,11207.0,24.625832550860718
2020-09,11208.0,21.336912293236338
2020-09,11209.0,34.04728064373898
2020-09,11210.0,32.05582834181891
2020-09,11211.0,23.98544172810762
2020-09,11212.0,33.26871003668763
2020-09,11213.0,28.378880154932787
2020-09,11214.0,25.850447293447292
2020-09,11215.0,23.516578914612893
2020-09,11216.0,25.737039326560605
2020-09,11217.0,27.33674095607235
2020-09,11218.0,29.680454402090653
2020-09,11219.0,26.008925942071105
2020-09,11220.0,23.57492197253433
2020-09,11221.0,21.784887457981284
2020-09,11222.0,24.742778246997
2020-09,11223.0,24.922779345878137
2020-09,11224.0,29.645508056758054
2020-09,11225.0,25.51529144670689
2020-09,11226.0,32.834893100764546
2020-09,11228.0,24.37412291052114
2020-09,11229.0,34.22483170225385
2020-09,11230.0,38.391471007206306
2020-09,11231.0,38.1697147887324
2020-09,11232.0,22.20270942180425
2020-09,11233.0,30.869267434785915
2020-09,11234.0,25.97667876650764
2020-09,11235.0,30.15162184009406
2020-09,11236.0,23.015579434697855
2020-09,11237.0,25.880865103635745
2020-09,11238.0,25.960545404208194
2020-09,11239.0,36.528493310063986
2020-09,11249.0,16.34947826372472
2020-09,11251.0,120.85583333333334
2020-09,11354.0,33.15214662173838
2020-09,11355.0,22.271036165327207
2020-09,11356.0,44.57708732560094
2020-09,11357.0,32.57163522763451
2020-09,11358.0,38.57117897727273
2020-09,11359.0,15.499722222222221
2020-09,11360.0,38.99602157943067
2020-09,11361.0,39.10529624499846
2020-09,11362.0,53.75007142857143
2020-09,11363.0,61.048807870370375
2020-09,11364.0,35.23111989144317
2020-09,11365.0,21.054632761437908
2020-09,11366.0,12.4885706049317
2020-09,11367.0,41.113674544710456
2020-09,11368.0,10.621360090061787
2020-09,11369.0,19.482725717685557
2020-09,11370.0,15.46935148295706
2020-09,11372.0,16.854700285442437
2020-09,11373.0,16.851946766702394
2020-09,11374.0,37.40127070537875
2020-09,11375.0,29.103650716672057
2020-09,11377.0,19.828982713702295
2020-09,11378.0,20.765907536135938
2020-09,11379.0,27.53798497606076
2020-09,11385.0,23.057939931770093
2020-09,11411.0,36.17883780332056
2020-09,11412.0,37.36140912435614
2020-09,11413.0,37.475946158240504
2020-09,11414.0,27.43943330858698
2020-09,11415.0,32.354959523809526
2020-09,11416.0,17.792036138079826
2020-09,11417.0,15.004189439946018
2020-09,11418.0,24.53061282932417
2020-09,11419.0,11.351769979876384
2020-09,11420.0,17.449895090044173
2020-09,11421.0,12.893333110218652
2020-09,11422.0,28.18829562353941
2020-09,11423.0,27.395633270321362
2020-09,11426.0,32.64564634146341
2020-09,11427.0,45.59549702380952
2020-09,11428.0,32.83645277777778
2020-09,11429.0,19.906976260401372
2020-09,11430.0,96.46407407407406
2020-09,11432.0,24.655088052150223
2020-09,11433.0,26.091710452922804
2020-09,11434.0,41.0905296876511
2020-09,11435.0,22.26251682637463
2020-09,11436.0,21.160018450184502
2020-09,11691.0,27.95898245176314
2020-09,11692.0,45.9770462962963
2020-09,11693.0,15.305173611111112
2020-09,11694.0,16.52175836030205
2020-09,11695.0,16.37472222222222
2020-09,11697.0,25.85733660130719
2020-09,12345.0,1.027388888888889
2020-01,ALL,149.8764447487339
2020-02,ALL,151.38291364247874
2020-03,ALL,191.16509144959568
2020-04,ALL,120.8447039000838
2020-05,ALL,86.71040141989192
2020-06,ALL,87.77281748122638
2020-07,ALL,99.08744811143572
2020-08,ALL,82.17777052255043
2020-09,ALL,23.095037596366243
