[
  {
    "title": "Jack Todd: Silver linings for Canadiens after rough outing in Boston",
    "publication_date": "Published Oct 11, 2024",
    "author": "Jack Todd",
    "blurb": "While Cayden Primeau struggled and Montreal was outmuscled, Lane Hutson dazzled and Brendan Gallagher, Joel Armia and Josh Anderson played well."
  },
  {
    "title": "Old Montreal fire: Two men, 18 and 20, arrested in connection with deadly Oct. 4 blaze",
    "publication_date": "Published Oct 11, 2024",
    "author": "Jacob Serebrin, Leora Schertzer",
    "blurb": "The five-alarm fire took the lives of French tourists L\u00e9onor Geraudie, 43, and her seven-year-old daughter, V\u00e9rane Reynaud-Geraudie."
  },
  {
    "title": "Pat Hickey: Reasons to believe Habs will be a 90-point team this season",
    "publication_date": "Published Oct 11, 2024",
    "author": "Pat Hickey",
    "blurb": "A clearer picture in goal, Lane Hutson's electric skill-set and the addition (when he's healthy) of Patrik Laine should all be a boost."
  },
  {
    "title": "Longueuil woman arrested again after Black child, 10, scalded with boiling water",
    "publication_date": "Published Oct 11, 2024",
    "author": "Paul Cherry",
    "blurb": "The re-arrest of St\u00e9phanie Borel, 46, comes after complaints from a lobby group that fights racism and discrimination."
  },
  {
    "title": "What's open and closed on Thanksgiving Monday in Montreal",
    "publication_date": "Published Oct 10, 2024",
    "author": "Montreal Gazette",
    "blurb": "Soci\u00e9t\u00e9 de transport de Montr\u00e9al buses will run on a modified schedule, while Longueuil's RTL and Laval's STL will have Saturday schedules."
  }
]